notify_key,출처,공고ID,기업명,공고제목,알림일시
jobkorea:49537354,jobkorea,49537354,삼성생명보험삼성그룹,헤리티지센터 WMA (Wealth Management Advisor 부유층종합자산관리전문가) FC모집,2026-07-20 00:19:07
jobkorea:49545700,jobkorea,49545700,㈜휴메딕스,[휴온스그룹]휴메딕스 각 부문 경력직 수시채용,2026-07-20 00:19:07
jobkorea:49600188,jobkorea,49600188,도이치모터스㈜,[BMW도이치모터스㈜] 본사 마케팅팀 정규직 채용,2026-07-20 00:19:07
jobkorea:49533122,jobkorea,49533122,㈜모나리자,(주)모나리자 유통영업팀 경력사원 채용,2026-07-20 00:19:07
jobkorea:49475884,jobkorea,49475884,㈜인디에프,글로벌세아그룹(주)인디에프 트루젠 남성복 영업 신입/경력 채용,2026-07-20 00:19:07
jobkorea:49575819,jobkorea,49575819,유니퀘스트㈜,비메모리 반도체 영업지원(CSR) 채용,2026-07-20 00:19:07
jobkorea:49539930,jobkorea,49539930,한국애보트㈜,[애보트메디칼코리아] EP Field Clinical Engineer(Sales Rep),2026-07-20 00:19:07
jobkorea:49491857,jobkorea,49491857,㈜이노션에스,[이노션에스] 국내 솔루션 본부 소셜 AE (일본) / 인턴,2026-07-20 00:19:07
jobkorea:49480431,jobkorea,49480431,㈜테스,[테스] 해외영업팀 채용,2026-07-20 00:19:07
jobkorea:49565281,jobkorea,49565281,노바렉스,(주)노바렉스 서울사무소 B2B 국내영업 신입 및 경력 채용,2026-07-20 00:19:07
jobkorea:49582704,jobkorea,49582704,콜마비앤에이치㈜,콜마비앤에이치㈜ 건강기능식품 해외영업 경력 채용 (세종 근무),2026-07-20 00:19:07
jobkorea:49532004,jobkorea,49532004,㈜아이씨디,(주)아이씨디 해외영업팀(중국) 신입/경력 인재 채용,2026-07-20 00:19:07
jobkorea:49587671,jobkorea,49587671,(주)와이지-원,(주)와이지-원 해외법인팀 신입사원 채용,2026-07-20 00:19:07
jobkorea:49534860,jobkorea,49534860,태웅로직스,[태웅로직스] 2026년 하반기 신입/경력 공개채용,2026-07-20 00:19:07
jobkorea:49522466,jobkorea,49522466,㈜에이텍씨앤,[에이텍씨앤] 본사 산업용 IT장비 영업 경력직 채용,2026-07-20 00:19:07
jobkorea:49526725,jobkorea,49526725,현대자동차고등판매대리점,현대자동차 고등대리점 카마스터 (영업직) 신입/경력 모집,2026-07-20 00:19:07
jobkorea:49586762,jobkorea,49586762,에스와이티에스㈜군포공장,공무안전팀 공무설비 신입/경력사원(관리) 채용,2026-07-20 00:19:07
jobkorea:49570426,jobkorea,49570426,㈜하이스틸,(주)하이스틸  전산실 신입/경력채용,2026-07-20 00:19:07
jobkorea:49531975,jobkorea,49531975,㈜아이씨디,(주)아이씨디 품질팀 신입 채용,2026-07-20 00:19:07
jobkorea:49582282,jobkorea,49582282,㈜에스비에스아이,SBS홈페이지 서비스 기획 신입&경력사원 공개채용,2026-07-20 00:19:07
jobkorea:49605242,jobkorea,49605242,㈜아이씨디,(주)아이씨디 전략영업팀(국내) 신입/경력 인재 채용,2026-07-20 00:19:07
jobkorea:49587204,jobkorea,49587204,㈜까뮤이앤씨,(주)까뮤이앤씨 안전관리자 정규직 모집(신입),2026-07-20 00:19:07
jobkorea:49565245,jobkorea,49565245,㈜에치에프알,"[HFR] 중계기, RU설계, 개발 신입/경력 인력 모집",2026-07-20 00:19:07
jobkorea:49531844,jobkorea,49531844,지에스이앤씨㈜,지에스이앤씨(주) 토목설계 신입·경력 모집합니다,2026-07-20 00:19:07
jobkorea:49424143,jobkorea,49424143,한일철강㈜,[코스피/중견] 한일철강(주) 철강영업 신입 및 경력사원 채용,2026-07-20 00:19:07
jobkorea:49428059,jobkorea,49428059,감성코퍼레이션㈜,[snow peak어패럴] 영업부(백화점 영업) 신입/ 경력직 채용,2026-07-20 00:19:07
jobkorea:49518364,jobkorea,49518364,패션플랫폼㈜,패션플랫폼  데코 영업MD 경력자 모집,2026-07-20 00:19:07
jobkorea:49432259,jobkorea,49432259,㈜티앤엘,티앤엘(포브스 아시아 200대 유망기업) 공정&제품 개발 담당자 증원,2026-07-20 00:19:07
jobkorea:49453507,jobkorea,49453507,㈜크레버스,[에이프릴어학원 안양평촌캠퍼스 직영] 초등영어한인강사(Bilingual) 모집,2026-07-20 00:19:07
jobkorea:49596964,jobkorea,49596964,㈜휴온스메디텍,[휴온스그룹] 휴온스메디텍 의료기기 영업직 모집,2026-07-20 00:19:07
jobkorea:49594209,jobkorea,49594209,㈜대림제지,구매팀(자재관리) 직원채용,2026-07-20 00:19:07
jobkorea:49466396,jobkorea,49466396,㈜아이비김영,[메가스터디교육] 김영편입 단과캠퍼스(강남/신촌) 학원운영(신규/경력),2026-07-20 00:19:07
jobkorea:49597773,jobkorea,49597773,㈜동방메디컬,동방메디컬 패키지&시각 그래픽 디자이너  채용,2026-07-20 00:19:07
jobkorea:49502687,jobkorea,49502687,한국애보트㈜,[애보트메디칼코리아] Structural Heart Therapy Specialist (MitraClip),2026-07-20 00:19:07
jobkorea:49606289,jobkorea,49606289,우리산업㈜,우리산업(주) 용인연구소 S/W 담당자 채용,2026-07-20 00:19:07
jobkorea:49454075,jobkorea,49454075,휴젤(주),[바이오제약/화장품전문기업] 사업개발 포지션,2026-07-20 00:19:07
jobkorea:49591047,jobkorea,49591047,㈜머큐리코퍼레이션,온라인 MD 경력직 채용(네이버 스마트스토어 경력자),2026-07-20 00:19:07
